"","S","R","stock","region","t"
"1",15000,21800,1,1,7
"2",1700,17700,1,1,8
"3",26500,26500,1,1,9
"4",11100,18900,1,1,10
"5",1200,1200,1,1,11
"6",23000,33000,1,1,12
"7",37300,37300,1,1,13
"8",90400,558200,1,1,14
"9",94000,391900,1,1,15
"10",51700,56800,1,1,16
"11",33000,42800,1,1,17
"12",12900,22800,1,1,18
"13",28500,58700,1,1,19
"14",22200,22300,1,1,20
"15",50000,58300,1,1,21
"16",94700,282800,1,1,22
"17",216600,219800,1,1,23
"18",902400,2417000,2,1,7
"19",627400,847700,2,1,8
"20",528100,1391400,2,1,9
"21",1007900,2386270,2,1,10
"22",81800,135110,2,1,11
"23",238600,334130,2,1,12
"24",1084000,3119810,2,1,13
"25",1966300,6134150,2,1,14
"26",1410400,5142530,2,1,15
"27",1533200,5638130,2,1,16
"28",2526700,8519350,2,1,17
"29",1185500,4252060,2,1,18
"30",1636500,6336990,2,1,19
"31",1018200,2756940,2,1,20
"32",1781000,6641630,2,1,21
"33",1700530,4850290,2,1,22
"34",2668950,4182900,2,1,23
"35",534000,1724700,3,1,7
"36",92000,160500,3,1,8
"37",295200,573000,3,1,9
"38",291000,543030,3,1,10
"39",29600,36560,3,1,11
"40",45800,50450,3,1,12
"41",372400,679190,3,1,13
"42",892400,2224730,3,1,14
"43",1231200,3834230,3,1,15
"44",759800,1670930,3,1,16
"45",1824900,5961140,3,1,17
"46",531200,1204070,3,1,18
"47",1203100,3367210,3,1,19
"48",580200,1187500,3,1,20
"49",1053400,5310250,3,1,21
"50",1371200,4872630,3,1,22
"51",978600,1285480,3,1,23
"52",328220,1020610,4,8,16
"53",232560,697890,4,8,17
"54",368490,1229150,4,8,18
"55",651850,3077850,4,8,19
"56",206390,1217390,4,8,20
"57",447940,843140,4,8,21
"58",533980,1157380,4,8,22
"59",127870,293770,4,8,23
"60",466830,986600,5,8,16
"61",313520,747320,5,8,17
"62",349070,1077130,5,8,18
"63",260400,646400,5,8,19
"64",89010,234010,5,8,20
"65",183120,242220,5,8,21
"66",545910,1666710,5,8,22
"67",490460,1043860,5,8,23
"68",35000,60050,6,2,1
"69",6000,15490,6,2,2
"70",35030,60270,6,2,3
"71",3500,58280,6,2,4
"72",3500,32500,6,2,5
"73",35000,178060,6,2,6
"74",1500,62420,6,2,7
"75",7500,45220,6,2,8
"76",15030,99630,6,2,9
"77",15000,72550,6,2,10
"78",2530,12940,6,2,11
"79",9000,32200,6,2,12
"80",22100,33060,6,2,13
"81",19000,35490,6,2,14
"82",2500,3260,6,2,15
"83",9030,12410,6,2,16
"84",3520,3990,6,2,17
"85",26570,34890,6,2,18
"86",18110,38630,6,2,19
"87",41070,45460,6,2,20
"88",2100,51700,6,2,21
"89",2030,11910,6,2,22
"90",715050,1308890,7,3,1
"91",406000,760820,7,3,2
"92",261600,415470,7,3,3
"93",312900,737240,7,3,4
"94",370700,566680,7,3,5
"95",677450,1521050,7,3,6
"96",138800,176450,7,3,7
"97",509380,784770,7,3,8
"98",769340,1253940,7,3,9
"99",808360,1385870,7,3,10
"100",766950,1143270,7,3,11
"101",423170,644730,7,3,12
"102",615100,2233200,7,3,13
"103",528390,774890,7,3,14
"104",305170,306180,7,3,15
"105",164200,164300,7,3,16
"106",191850,235480,7,3,17
"107",703760,1056910,7,3,18
"108",572300,710550,7,3,19
"109",876180,1211590,7,3,20
"110",654260,677870,7,3,21
"111",501810,586620,7,3,22
"112",480550,1857250,8,3,1
"113",210900,790780,8,3,2
"114",537030,2268590,8,3,3
"115",416080,1494360,8,3,4
"116",568180,1364350,8,3,5
"117",2822730,6628070,8,3,6
"118",1509230,2938380,8,3,7
"119",1139500,4485550,8,3,8
"120",1182300,4249940,8,3,9
"121",753700,3544640,8,3,10
"122",1023900,6112820,8,3,11
"123",400930,926590,8,3,12
"124",1021290,1508330,8,3,13
"125",853860,3581340,8,3,14
"126",740110,3615580,8,3,15
"127",403270,984040,8,3,16
"128",638850,1240060,8,3,17
"129",1429760,6073830,8,3,18
"130",1448580,9159520,8,3,19
"131",954620,2854810,8,3,20
"132",700800,1247840,8,3,21
"133",237020,353500,8,3,22
"134",545290,1184320,9,2,1
"135",351380,1202640,9,2,2
"136",781080,1810230,9,2,3
"137",283410,1085040,9,2,4
"138",1571370,3052160,9,2,5
"139",3910090,16054130,9,2,6
"140",763130,3594020,9,2,7
"141",939850,3059850,9,2,8
"142",2095000,7445620,9,2,9
"143",731100,2743460,9,2,10
"144",1356100,2440870,9,2,11
"145",1469900,4235820,9,2,12
"146",1382200,3289430,9,2,13
"147",2293480,4053950,9,2,14
"148",1127730,2011080,9,2,15
"149",195590,234530,9,2,16
"150",967210,1138270,9,2,17
"151",3271540,6692270,9,2,18
"152",5204570,13911810,9,2,19
"153",2759840,6394900,9,2,20
"154",4614400,7322760,9,2,21
"155",367790,929660,9,2,22
"156",1844350,2210850,9,2,23
"157",44750,201300,10,2,1
"158",5950,47740,10,2,2
"159",52700,146840,10,2,3
"160",24130,172410,10,2,4
"161",5850,113770,10,2,5
"162",121930,779730,10,2,6
"163",68850,276440,10,2,7
"164",118650,375250,10,2,8
"165",111050,1559610,10,2,9
"166",144180,329880,10,2,10
"167",502400,1312600,10,2,11
"168",214850,574490,10,2,12
"169",259600,843770,10,2,13
"170",109650,482830,10,2,14
"171",135800,146710,10,2,15
"172",1e+05,101950,10,2,16
"173",138100,217840,10,2,17
"174",289820,440590,10,2,18
"175",242150,390930,10,2,19
"176",257200,410560,10,2,20
"177",158590,291530,10,2,21
"178",97550,116530,10,2,22
"179",333200,333200,10,2,23
"180",20000,143600,11,6,7
"181",71300,89600,11,6,8
"182",81400,311600,11,6,9
"183",43600,89900,11,6,10
"184",5800,37400,11,6,11
"185",4000,37500,11,6,12
"186",12300,121100,11,6,13
"187",10700,147800,11,6,14
"188",3000,183900,11,6,15
"189",2400,85400,11,6,16
"190",123200,288400,11,6,17
"191",6000,100500,11,6,20
"192",55800,234000,11,6,21
"193",75800,135200,11,6,22
"194",131100,203000,12,6,7
"195",62600,80000,12,6,8
"196",66100,111500,12,6,9
"197",60700,88600,12,6,10
"198",3100,3900,12,6,11
"199",9800,31900,12,6,12
"200",66000,82600,12,6,13
"201",101200,162400,12,6,14
"202",99400,208100,12,6,15
"203",26100,106700,12,6,16
"204",94000,141300,12,6,17
"205",121900,166000,12,6,18
"206",216400,534800,12,6,19
"207",131900,365600,12,6,20
"208",223800,429500,12,6,21
"209",178900,278000,12,6,22
"210",605700,1857200,13,6,7
"211",302200,688400,13,6,8
"212",390300,913700,13,6,9
"213",201700,470600,13,6,10
"214",15900,28800,13,6,11
"215",76200,76800,13,6,12
"216",228800,257600,13,6,13
"217",309300,396100,13,6,14
"218",425500,898000,13,6,15
"219",301500,390600,13,6,16
"220",486500,544200,13,6,17
"221",580700,630300,13,6,18
"222",1005400,2011800,13,6,19
"223",811400,852000,13,6,20
"224",1318000,1501200,13,6,21
"225",863300,876300,13,6,22
"226",165000,277900,14,6,7
"227",179300,352500,14,6,8
"228",151300,446900,14,6,9
"229",202000,644700,14,6,10
"230",8600,23500,14,6,11
"231",77400,90800,14,6,12
"232",114200,250000,14,6,13
"233",333400,752700,14,6,14
"234",139500,356000,14,6,15
"235",45900,648300,14,6,16
"236",188000,361800,14,6,17
"237",43800,244600,14,6,18
"238",232400,1373800,14,6,19
"239",44300,180100,14,6,20
"240",38800,667700,14,6,21
"241",111600,286200,14,6,22
"242",287000,1819000,15,7,6
"243",155400,870600,15,7,7
"244",110000,417000,15,7,8
"245",86100,165300,15,7,9
"246",90100,461200,15,7,10
"247",21400,21400,15,7,11
"248",3700,4500,15,7,12
"249",15800,15800,15,7,13
"250",65200,128500,15,7,14
"251",86600,223100,15,7,15
"252",52600,109200,15,7,16
"253",102300,186900,15,7,17
"254",86400,390400,15,7,18
"255",50300,56200,15,7,19
"256",127100,318300,15,7,20
"257",61200,61300,15,7,21
"258",72000,73600,15,7,22
"259",164400,164400,15,7,23
"260",156000,390800,16,7,6
"261",94500,223800,16,7,7
"262",140000,213800,16,7,8
"263",102300,151500,16,7,9
"264",94800,218600,16,7,10
"265",22000,25000,16,7,11
"266",33900,75200,16,7,12
"267",59300,69500,16,7,13
"268",77400,133500,16,7,14
"269",170100,330900,16,7,15
"270",99200,209800,16,7,16
"271",109300,173000,16,7,17
"272",95400,223700,16,7,18
"273",46200,62400,16,7,19
"274",74900,78500,16,7,20
"275",35000,36900,16,7,21
"276",46100,51500,16,7,22
"277",33800,37900,16,7,23
"278",271250,292020,19,9,10
"279",39600,47900,19,9,11
"280",25350,54660,19,9,12
"281",28590,54640,19,9,13
"282",423160,497670,19,9,14
"283",110780,132280,19,9,15
"284",442920,487180,19,9,16
"285",318940,407530,19,9,17
"286",6000,6040,21,14,12
"287",14020,33190,21,14,13
"288",15000,30500,21,14,14
"289",30000,126110,21,14,15
"290",26100,27420,21,14,16
"291",48000,48610,21,14,17
"292",30700,31260,21,14,18
"293",30000,126580,21,14,19
"294",41400,42970,21,14,20
"295",13500,15330,21,14,21
"296",300330,1220630,22,4,3
"297",386000,1752570,22,4,4
"298",165100,509320,22,4,5
"299",480900,1232090,22,4,6
"300",477000,1330970,22,4,7
"301",779930,4218870,22,4,8
"302",878430,4582910,22,4,9
"303",675080,3016740,22,4,10
"304",563770,1293570,22,4,11
"305",918390,2468750,22,4,12
"306",1432700,5210740,22,4,13
"307",926980,2208820,22,4,14
"308",1248980,2382830,22,4,15
"309",504400,689540,22,4,16
"310",284620,501100,22,4,17
"311",1176890,1678150,22,4,18
"312",1762710,2610390,22,4,19
"313",3299770,7176670,22,4,20
"314",2206500,3318260,22,4,21
"315",1231720,1439660,22,4,22
"316",30000,333200,23,7,6
"317",20000,33500,23,7,7
"318",20000,33900,23,7,8
"319",5700,5700,23,7,11
"320",800,800,23,7,12
"321",15000,15000,23,7,13
"322",34100,34200,23,7,14
"323",407500,508100,23,7,15
"324",90500,124000,23,7,16
"325",128800,262500,23,7,17
"326",1337000,1757800,23,7,18
"327",64000,118900,23,7,19
"328",22800,23500,23,7,20
"329",11100,13000,23,7,21
"330",10400,10400,23,7,22
"331",32800,32800,23,7,23
"332",588900,1416480,24,8,16
"333",581120,979990,24,8,17
"334",707220,1309340,24,8,18
"335",856700,3730700,24,8,19
"336",498440,911440,24,8,20
"337",557940,1117440,24,8,21
"338",994650,1852850,24,8,22
"339",344980,392480,24,8,23
"340",524500,1106380,25,8,16
"341",494780,839520,25,8,17
"342",592710,1398890,25,8,18
"343",901000,2649000,25,8,19
"344",649510,1525510,25,8,20
"345",419060,608660,25,8,21
"346",344930,538730,25,8,22
"347",430450,480250,25,8,23
"348",3461810,8739940,26,8,16
"349",2897970,11828660,26,8,17
"350",2090570,10255650,26,8,18
"351",1736500,8257500,26,8,19
"352",4581560,7581560,26,8,20
"353",1907570,3308870,26,8,21
"354",1574560,4889560,26,8,22
"355",1957240,3648340,26,8,23
"356",11750,11750,27,10,12
"357",13790,13790,27,10,13
"358",56690,56690,27,10,14
"359",118400,119350,27,10,15
"360",132380,138820,27,10,16
"361",191810,203400,27,10,17
"362",44680,44680,27,10,18
"363",67990,67990,27,10,19
"364",113570,124230,27,10,20
"365",47160,47160,27,10,21
"366",60080,60080,27,10,22
"367",92970,92970,27,10,23
"368",371720,390270,28,9,10
"369",83560,91390,28,9,11
"370",58760,74630,28,9,12
"371",35570,50150,28,9,13
"372",73760,125130,28,9,14
"373",984330,994320,28,9,15
"374",523280,542050,28,9,16
"375",830140,859340,28,9,17
"376",277130,292960,28,9,18
"377",302350,317810,28,9,19
"378",590850,591350,28,9,20
"379",397800,430050,29,9,15
"380",639670,677380,29,9,16
"381",2388210,2405390,29,9,17
"382",60470,69190,29,9,18
"383",8190,10530,29,9,19
"384",44180,46410,29,9,20
"385",554720,562250,29,9,21
"386",811340,817900,29,9,22
"387",543010,1423440,31,5,6
"388",910060,2407880,31,5,7
"389",1442420,3779490,31,5,8
"390",2161120,3866270,31,5,9
"391",152580,570410,31,5,10
"392",58540,126490,31,5,11
"393",585520,999130,31,5,12
"394",863430,1603020,31,5,13
"395",9386480,13734810,31,5,14
"396",2785200,4987740,31,5,15
"397",1656660,2995930,31,5,16
"398",2926450,6053610,31,5,17
"399",72190,339310,31,5,18
"400",494610,738500,31,5,19
"401",821310,823990,31,5,23
"402",387090,745420,34,10,10
"403",344470,344470,34,10,11
"404",256880,256880,34,10,12
"405",472080,1853020,34,10,13
"406",279120,1795200,34,10,14
"407",535960,3676090,34,10,15
"408",573070,3532670,34,10,16
"409",1209740,5734770,34,10,17
"410",356380,2844920,34,10,18
"411",362370,843690,34,10,19
"412",443660,8414020,34,10,20
"413",204380,693610,34,10,21
"414",615240,12169560,34,10,22
"415",584240,6643300,34,10,23
"416",140660,231100,35,10,10
"417",79060,79060,35,10,11
"418",94650,94650,35,10,12
"419",117590,199960,35,10,13
"420",164030,380730,35,10,14
"421",307680,1579070,35,10,15
"422",482860,1229980,35,10,16
"423",792560,2037600,35,10,17
"424",155830,303100,35,10,18
"425",152540,154320,35,10,19
"426",304090,316420,35,10,20
"427",95070,95070,35,10,21
"428",196380,196380,35,10,22
"429",330290,330290,35,10,23
"430",72000,194600,32,6,7
"431",90000,178200,32,6,8
"432",128700,324800,32,6,9
"433",72600,444000,32,6,10
"434",7800,19800,32,6,11
"435",60200,60200,32,6,12
"436",89300,194500,32,6,13
"437",157500,438300,32,6,14
"438",74800,189400,32,6,15
"439",13400,31700,32,6,16
"440",109800,110600,32,6,17
"441",180500,341800,32,6,18
"442",181300,592500,32,6,19
"443",88400,133800,32,6,20
"444",190400,548600,32,6,21
"445",153900,238800,32,6,22
"446",1565480,2052750,36,12,6
"447",1819100,9030790,36,12,7
"448",1929060,6690110,36,12,8
"449",3067440,12908290,36,12,9
"450",2882640,8059560,36,12,10
"451",3566050,6761220,36,12,11
"452",2190820,2792320,36,12,12
"453",1309350,1348200,36,12,13
"454",4686750,7325090,36,12,14
"455",3963700,5318080,36,12,15
"456",6834680,17654940,36,12,16
"457",5886190,9645550,36,12,17
"458",5350780,6241220,36,12,18
"459",4129310,6098360,36,12,19
"460",6541010,11976210,36,12,20
"461",8486860,23891770,36,12,21
"462",14110530,49721470,36,12,22
"463",10592320,19678790,36,12,23
"464",508300,571210,37,12,6
"465",707740,778140,37,12,7
"466",507540,533550,37,12,8
"467",543250,584780,37,12,9
"468",522630,587350,37,12,10
"469",760050,804880,37,12,11
"470",997920,1052410,37,12,12
"471",898330,996480,37,12,13
"472",1941620,2076280,37,12,14
"473",826880,897500,37,12,15
"474",1688520,2161260,37,12,16
"475",2394270,3626910,37,12,17
"476",1025130,1234680,37,12,18
"477",657850,714170,37,12,19
"478",1101880,1266680,37,12,20
"479",2035330,2430420,37,12,21
"480",4209600,5198660,37,12,22
"481",4760420,6573960,37,12,23
"482",3295480,14302770,38,12,6
"483",5441800,16700790,38,12,7
"484",7114730,22764430,38,12,8
"485",4591560,19792260,38,12,9
"486",3810110,9221730,38,12,10
"487",4109360,13262360,38,12,11
"488",3855720,8076720,38,12,12
"489",8758960,13915960,38,12,13
"490",12055230,30480230,38,12,14
"491",12684340,25591340,38,12,15
"492",9476020,22393020,38,12,16
"493",18803270,38440270,38,12,17
"494",31929920,76929920,38,12,18
"495",8522480,17569480,38,12,19
"496",15757440,42457440,38,12,20
"497",16377060,35377060,38,12,21
"498",15554600,36654600,38,12,22
"499",45232040,98932040,38,12,23
"500",210000,242740,39,14,7
"501",60000,63680,39,14,12
"502",38080,45970,39,14,13
"503",360000,373410,39,14,14
"504",250000,294300,39,14,15
"505",40300,47050,39,14,16
"506",113160,127150,39,14,17
"507",255000,261180,39,14,18
"508",78750,97470,39,14,19
"509",525000,553510,39,14,20
"510",54930,86300,43,9,11
"511",154290,254960,43,9,12
"512",10610,52130,43,9,13
"513",21810,171280,43,9,14
"514",127900,350110,43,9,15
"515",173350,336250,43,9,16
"516",458390,475810,43,9,17
"517",236490,236490,43,9,18
"518",112770,136500,43,9,19
"519",25690,25690,43,9,20
"520",900,2900,1,1,7
"521",700,1000,1,1,8
"522",4400,4400,1,1,9
"523",8500,8800,1,1,10
"524",200,200,1,1,11
"525",600,600,1,1,12
"526",6400,6400,1,1,13
"527",9300,12700,1,1,14
"528",5700,14800,1,1,15
"529",3900,5200,1,1,16
"530",1400,3300,1,1,17
"531",1100,1900,1,1,18
"532",1900,5100,1,1,19
"533",1200,4600,1,1,20
"534",700,800,1,1,21
"535",5200,6600,1,1,22
"536",789900,3121300,2,1,7
"537",327300,380400,2,1,8
"538",1906200,2769000,2,1,9
"539",488000,1699940,2,1,10
"540",85700,122130,2,1,11
"541",357800,387850,2,1,12
"542",2168500,3332000,2,1,13
"543",2125100,6964130,2,1,14
"544",1875000,5825470,2,1,15
"545",639200,2884630,2,1,16
"546",1229300,4553140,2,1,17
"547",1304400,2447770,2,1,18
"548",1179300,6761570,2,1,19
"549",2268400,9818250,2,1,20
"550",2232200,9725710,2,1,21
"551",4404450,15767360,2,1,22
"552",245500,720200,3,1,7
"553",118200,122400,3,1,8
"554",568700,834000,3,1,9
"555",214700,426290,3,1,10
"556",25100,27170,3,1,11
"557",194300,219640,3,1,12
"558",509300,789050,3,1,13
"559",504400,2074950,3,1,14
"560",431800,1062970,3,1,15
"561",212000,738320,3,1,16
"562",384500,1384850,3,1,17
"563",236100,284240,3,1,18
"564",691600,2199220,3,1,19
"565",678400,3105970,3,1,20
"566",757900,3111100,3,1,21
"567",2001850,6762890,3,1,22
"568",229470,423720,4,8,16
"569",422610,723530,4,8,17
"570",260850,575750,4,8,18
"571",943020,943020,4,8,19
"572",310980,912980,4,8,20
"573",407760,3026160,4,8,21
"574",588730,4332730,4,8,22
"575",440360,1868880,5,8,16
"576",798640,1856540,5,8,17
"577",476790,1393690,5,8,18
"578",2710820,2892820,5,8,19
"579",468240,2842240,5,8,20
"580",949660,4415160,5,8,21
"581",3796350,10856350,5,8,22
"582",15030,30510,6,2,1
"583",22500,45400,6,2,2
"584",7500,19370,6,2,3
"585",15030,23180,6,2,4
"586",7500,46660,6,2,5
"587",7500,11110,6,2,6
"588",7500,35070,6,2,7
"589",3500,113660,6,2,8
"590",400,6040,6,2,9
"591",4000,7320,6,2,10
"592",5030,11420,6,2,11
"593",1300,4060,6,2,12
"594",20100,38130,6,2,13
"595",30250,36950,6,2,14
"596",65040,88260,6,2,15
"597",45270,47850,6,2,16
"598",35600,42420,6,2,17
"599",18230,29090,6,2,18
"600",28110,29330,6,2,19
"601",15130,25060,6,2,20
"602",10080,22130,6,2,21
"603",26530,26660,6,2,22
"604",25780,26320,7,3,1
"605",23280,52910,7,3,2
"606",46280,173850,7,3,3
"607",142280,147000,7,3,4
"608",42330,58580,7,3,5
"609",115400,115400,7,3,6
"610",45700,45920,7,3,7
"611",71950,75310,7,3,8
"612",120430,146160,7,3,9
"613",26700,27440,7,3,10
"614",34230,34620,7,3,11
"615",20370,26030,7,3,12
"616",8580,11510,7,3,13
"617",21790,21790,7,3,14
"618",9250,9430,7,3,15
"619",13240,13240,7,3,16
"620",19990,29370,7,3,17
"621",35570,35800,7,3,18
"622",23260,25980,7,3,19
"623",14070,14210,7,3,20
"624",18140,18350,7,3,21
"625",3840,3880,7,3,22
"626",121090,268620,8,3,1
"627",151330,525710,8,3,2
"628",62030,237340,8,3,3
"629",241980,378120,8,3,4
"630",670480,1712840,8,3,5
"631",1329750,2834380,8,3,6
"632",509150,1738300,8,3,7
"633",95530,196110,8,3,8
"634",105420,139840,8,3,9
"635",366450,606810,8,3,10
"636",233040,633710,8,3,11
"637",309080,348930,8,3,12
"638",142690,546790,8,3,13
"639",489720,1214700,8,3,14
"640",377400,1627900,8,3,15
"641",476790,4045530,8,3,16
"642",1044800,2552290,8,3,17
"643",673620,1603740,8,3,18
"644",579400,623260,8,3,19
"645",611920,1141700,8,3,20
"646",277790,286000,8,3,21
"647",593590,618140,8,3,22
"648",428150,945170,9,2,1
"649",350290,527100,9,2,2
"650",571780,919620,9,2,3
"651",530050,957270,9,2,4
"652",1249000,2982900,9,2,5
"653",748430,2767400,9,2,6
"654",222100,801300,9,2,7
"655",66310,86330,9,2,8
"656",59930,77980,9,2,9
"657",257150,292960,9,2,10
"658",166880,223660,9,2,11
"659",150100,240530,9,2,12
"660",434690,529520,9,2,13
"661",1123330,1805030,9,2,14
"662",737360,2345960,9,2,15
"663",1420270,2206180,9,2,16
"664",2793620,4009010,9,2,17
"665",383060,780240,9,2,18
"666",522530,680920,9,2,19
"667",2399350,2513510,9,2,20
"668",1184710,1442570,9,2,21
"669",629100,853530,9,2,22
"670",44000,151710,10,2,1
"671",9300,112780,10,2,2
"672",7600,57700,10,2,3
"673",19250,56440,10,2,4
"674",22450,149090,10,2,5
"675",16780,52110,10,2,6
"676",18880,48720,10,2,7
"677",100,30770,10,2,8
"678",530,23620,10,2,9
"679",34210,58840,10,2,10
"680",9770,99610,10,2,11
"681",87150,114210,10,2,12
"682",47600,237780,10,2,13
"683",49350,73010,10,2,14
"684",93050,196890,10,2,15
"685",124280,136110,10,2,16
"686",276700,352640,10,2,17
"687",65190,173080,10,2,18
"688",25620,30260,10,2,19
"689",4990,6990,10,2,20
"690",13100,15380,10,2,21
"691",18000,18630,10,2,22
"692",11000,42500,11,6,7
"693",5700,33100,11,6,8
"694",11700,41200,11,6,9
"695",5500,70800,11,6,10
"696",2200,24900,11,6,11
"697",1200,28600,11,6,12
"698",3000,63900,11,6,13
"699",1200,313600,11,6,14
"700",1400,122800,11,6,15
"701",1000,28300,11,6,16
"702",12200,88400,11,6,20
"703",2000,57900,11,6,21
"704",180500,287400,11,6,22
"705",65800,135300,12,6,7
"706",18500,44500,12,6,8
"707",69600,71000,12,6,9
"708",74800,95300,12,6,10
"709",50200,50500,12,6,11
"710",26400,57700,12,6,12
"711",199900,319900,12,6,13
"712",297000,581400,12,6,14
"713",76500,286500,12,6,15
"714",11000,18900,12,6,16
"715",7400,23500,12,6,17
"716",65700,73500,12,6,18
"717",215000,215000,12,6,19
"718",201100,375100,12,6,20
"719",160900,359400,12,6,21
"720",715500,1185200,12,6,22
"721",64800,90500,13,6,7
"722",56100,78700,13,6,8
"723",46000,47700,13,6,9
"724",23000,52000,13,6,10
"725",12800,15300,13,6,11
"726",23500,23500,13,6,12
"727",76000,76200,13,6,13
"728",194300,486700,13,6,14
"729",154700,328000,13,6,15
"730",46300,54100,13,6,16
"731",212100,218700,13,6,17
"732",215600,217700,13,6,18
"733",881000,881000,13,6,19
"734",125000,153000,13,6,20
"735",524700,584000,13,6,21
"736",1399300,1407900,13,6,22
"737",152000,497600,14,6,7
"738",104400,131500,14,6,8
"739",422000,907000,14,6,9
"740",268800,554200,14,6,10
"741",62400,62400,14,6,11
"742",141700,149100,14,6,12
"743",355500,734500,14,6,13
"744",185000,929600,14,6,14
"745",249300,682900,14,6,15
"746",36000,200300,14,6,16
"747",67500,148100,14,6,17
"748",38300,226000,14,6,18
"749",57900,57900,14,6,19
"750",96800,516100,14,6,20
"751",45800,731400,14,6,21
"752",554700,1346400,14,6,22
"753",41000,62200,15,7,6
"754",62800,83600,15,7,7
"755",33500,293400,15,7,8
"756",39300,90800,15,7,9
"757",163400,299900,15,7,10
"758",51400,237300,15,7,11
"759",103400,227800,15,7,12
"760",219200,1287100,15,7,13
"761",307600,2121700,15,7,14
"762",203200,1419300,15,7,15
"763",115700,260300,15,7,16
"764",128600,596000,15,7,17
"765",26900,29900,15,7,18
"766",135900,145600,15,7,19
"767",183700,530000,15,7,20
"768",180800,265500,15,7,21
"769",130500,286800,15,7,22
"770",49700,74600,16,7,6
"771",59500,97800,16,7,7
"772",82000,105700,16,7,8
"773",69400,100800,16,7,9
"774",89300,117700,16,7,10
"775",58400,129000,16,7,11
"776",127500,817500,16,7,12
"777",142300,261100,16,7,13
"778",276400,818900,16,7,14
"779",196100,608300,16,7,15
"780",136500,192000,16,7,16
"781",166100,188000,16,7,17
"782",38000,41500,16,7,18
"783",138300,230800,16,7,19
"784",76400,76700,16,7,20
"785",92200,94800,16,7,21
"786",147800,179900,16,7,22
"787",70000,82700,17,13,5
"788",4e+05,699590,17,13,6
"789",75000,99760,17,13,7
"790",95000,219940,17,13,8
"791",14400,21300,17,13,9
"792",46000,65640,17,13,10
"793",47000,78940,17,13,11
"794",24300,38070,17,13,12
"795",35700,76790,17,13,13
"796",50100,173380,17,13,14
"797",2900,7150,17,13,15
"798",4890,6760,17,13,16
"799",4730,7380,17,13,17
"800",1910,4880,17,13,18
"801",10900,23850,17,13,19
"802",9900,31320,17,13,20
"803",1700,3140,17,13,21
"804",8250,11240,17,13,22
"805",1078000,6460000,18,4,4
"806",1092560,1890000,18,4,5
"807",1954040,5470000,18,4,6
"808",1194100,2320000,18,4,7
"809",1831220,12968000,18,4,8
"810",1530910,4100000,18,4,9
"811",1804950,9800000,18,4,10
"812",1754260,6900000,18,4,11
"813",1367090,5e+06,18,4,12
"814",2387810,8400000,18,4,13
"815",3560650,14200000,18,4,14
"816",4488340,18800000,18,4,15
"817",4631620,15300000,18,4,16
"818",6460620,18900000,18,4,17
"819",3223520,7200000,18,4,18
"820",7189190,16700000,18,4,19
"821",12059000,2.3e+07,18,4,20
"822",10774680,1.8e+07,18,4,21
"823",7291100,12800000,18,4,22
"824",10120,14400,19,9,10
"825",33570,47720,19,9,11
"826",34650,47440,19,9,12
"827",6970,15600,19,9,13
"828",12450,60940,19,9,14
"829",36800,44390,20,13,5
"830",503000,885310,20,13,6
"831",160000,217870,20,13,7
"832",269000,452320,20,13,8
"833",42000,57840,20,13,9
"834",104000,136440,20,13,10
"835",46500,67880,20,13,11
"836",12500,17810,20,13,12
"837",44000,77650,20,13,13
"838",37100,65930,20,13,14
"839",6450,11060,20,13,15
"840",25000,28550,20,13,16
"841",63800,91240,20,13,17
"842",62100,72020,20,13,18
"843",60800,105520,20,13,19
"844",118200,150760,20,13,20
"845",35330,36790,20,13,21
"846",31290,35270,20,13,22
"847",39000,109210,21,14,12
"848",36000,75100,21,14,13
"849",45000,155240,21,14,14
"850",210000,304130,21,14,15
"851",90000,101370,21,14,16
"852",225000,227280,21,14,17
"853",6000,6120,21,14,18
"854",60600,65630,21,14,19
"855",24150,24210,21,14,20
"856",8000,5000,23,7,9
"857",73000,101100,23,7,10
"858",10200,18100,23,7,11
"859",50000,50000,23,7,12
"860",82000,88200,23,7,13
"861",227000,281700,23,7,14
"862",126900,192900,23,7,15
"863",10400,10700,23,7,16
"864",21900,21900,23,7,17
"865",93900,164500,23,7,18
"866",573000,829600,23,7,19
"867",112500,157600,23,7,20
"868",185800,185900,23,7,21
"869",499900,662700,23,7,22
"870",652090,1750620,24,8,16
"871",971070,1539520,24,8,17
"872",679850,1943550,24,8,18
"873",2713100,2713100,24,8,19
"874",1174530,7343530,24,8,20
"875",1305560,6718960,24,8,21
"876",2665430,11286430,24,8,22
"877",243520,427260,25,8,16
"878",437380,698430,25,8,17
"879",530400,756600,25,8,18
"880",3977020,3977020,25,8,19
"881",1142000,2308000,25,8,20
"882",459410,1825110,25,8,21
"883",767730,1463730,25,8,22
"884",604580,2172910,26,8,16
"885",581260,2260820,26,8,17
"886",542530,1944530,26,8,18
"887",4298630,4298630,26,8,19
"888",1221850,6212850,26,8,20
"889",1169190,10248890,26,8,21
"890",2680000,20891000,26,8,22
"891",119520,266300,27,10,11
"892",85380,203850,27,10,12
"893",152960,230060,27,10,13
"894",219400,1566810,27,10,14
"895",255420,534300,27,10,15
"896",230200,388440,27,10,16
"897",332240,1781050,27,10,17
"898",149260,260270,27,10,18
"899",181760,181760,27,10,19
"900",247890,247890,27,10,20
"901",144780,144780,27,10,21
"902",183450,201690,27,10,22
"903",24240,26300,28,9,10
"904",54090,66340,28,9,11
"905",95320,118110,28,9,12
"906",50920,64420,28,9,13
"907",31490,33330,28,9,17
"908",61720,63730,28,9,21
"909",21590,30120,28,9,22
"910",20210,28600,29,9,16
"911",11260,13380,29,9,17
"912",1430,2680,29,9,18
"913",29770,30810,29,9,19
"914",25130,25320,29,9,20
"915",14180,15050,29,9,21
"916",1480,1970,29,9,22
"917",1e+05,197700,30,11,5
"918",150000,630690,30,11,6
"919",15250,33720,30,11,7
"920",20380,75460,30,11,8
"921",22820,45230,30,11,9
"922",64060,111510,30,11,10
"923",42350,163700,30,11,11
"924",37900,113340,30,11,12
"925",19470,56820,30,11,13
"926",48770,264550,30,11,14
"927",26810,109120,30,11,15
"928",66970,107980,30,11,16
"929",24910,48010,30,11,17
"930",32690,89420,30,11,18
"931",126010,300710,30,11,19
"932",21300,122620,30,11,20
"933",51680,98320,30,11,21
"934",207110,291340,30,11,22
"935",160600,1124180,34,10,9
"936",352800,2327410,34,10,10
"937",309040,636490,34,10,11
"938",412560,1124890,34,10,12
"939",390930,2063970,34,10,13
"940",642220,5142250,34,10,14
"941",599340,5396920,34,10,15
"942",481950,2912010,34,10,16
"943",750530,7465670,34,10,17
"944",514570,7479120,34,10,18
"945",359370,3510470,34,10,19
"946",474380,3091600,34,10,20
"947",315210,315210,34,10,21
"948",396700,4632330,34,10,22
"949",26910,723090,35,10,9
"950",179480,456090,35,10,10
"951",177780,835210,35,10,11
"952",194670,1070130,35,10,12
"953",277780,1102150,35,10,13
"954",728630,4889560,35,10,14
"955",359870,3581140,35,10,15
"956",601680,2083690,35,10,16
"957",645510,3379070,35,10,17
"958",330630,1286620,35,10,18
"959",315000,388180,35,10,19
"960",533170,533170,35,10,20
"961",315090,315090,35,10,21
"962",336310,347730,35,10,22
"963",82000,726800,32,6,7
"964",155300,160500,32,6,8
"965",218600,1480800,32,6,9
"966",45000,257100,32,6,10
"967",31500,31500,32,6,11
"968",45300,45300,32,6,12
"969",115400,160000,32,6,13
"970",181300,452700,32,6,14
"971",116000,340300,32,6,15
"972",64500,178400,32,6,16
"973",235200,277700,32,6,17
"974",65700,101000,32,6,18
"975",267400,267400,32,6,19
"976",343500,815400,32,6,20
"977",448400,1097500,32,6,21
"978",582100,1263100,32,6,22
"979",10000,35300,33,11,5
"980",10220,114780,33,11,6
"981",25130,35630,33,11,7
"982",22040,40220,33,11,8
"983",16000,22860,33,11,9
"984",40000,63040,33,11,10
"985",12190,31490,33,11,11
"986",11800,35380,33,11,12
"987",29430,55190,33,11,13
"988",29480,102380,33,13,14
"989",12120,34020,33,13,15
"990",11600,25340,33,13,16
"991",34100,53770,33,13,17
"992",34400,45780,33,13,18
"993",49850,108410,33,13,19
"994",14000,23350,33,13,20
"995",10070,12840,33,13,21
"996",17600,25390,33,13,22
"997",2834510,15462650,36,12,6
"998",1545910,6102590,36,12,7
"999",1354360,3676610,36,12,8
"1000",2015210,5500470,36,12,9
"1001",3153000,6081450,36,12,10
"1002",2915590,4540260,36,12,11
"1003",1414850,1466060,36,12,12
"1004",4738550,5068890,36,12,13
"1005",6865700,8961770,36,12,14
"1006",4524740,7175020,36,12,15
"1007",6148260,9656930,36,12,16
"1008",14441310,30058030,36,12,17
"1009",7467760,12654000,36,12,18
"1010",7972450,20703590,36,12,19
"1011",9550210,27581790,36,12,20
"1012",7579140,24634610,36,12,21
"1013",6905150,11759610,36,12,22
"1014",2771330,4064060,37,12,6
"1015",1369290,1977660,37,12,7
"1016",494250,609180,37,12,8
"1017",1354630,1477440,37,12,9
"1018",966120,1054570,37,12,10
"1019",916010,1166330,37,12,11
"1020",1279890,1843680,37,12,12
"1021",4336140,6511800,37,12,13
"1022",4464660,6181590,37,12,14
"1023",3328500,6012220,37,12,15
"1024",3022630,5557960,37,12,16
"1025",4385620,9968900,37,12,17
"1026",1367690,1781450,37,12,18
"1027",1553000,2421860,37,12,19
"1028",1993430,2361850,37,12,20
"1029",2123950,3168480,37,12,21
"1030",3497700,5243230,37,12,22
"1031",4651880,9797110,38,12,6
"1032",3902160,9612620,38,12,7
"1033",1030020,1671560,38,12,8
"1034",3010390,4208080,38,12,9
"1035",5179440,11427030,38,12,10
"1036",4118890,8673890,38,12,11
"1037",6073250,9403250,38,12,12
"1038",14135180,25377180,38,12,13
"1039",10398940,17390940,38,12,14
"1040",11821360,25289360,38,12,15
"1041",14605860,46026860,38,12,16
"1042",26255480,56955480,38,12,17
"1043",12806260,17406260,38,12,18
"1044",20050440,65850440,38,12,19
"1045",15305830,58805830,38,12,20
"1046",19847860,58847860,38,12,21
"1047",25324780,66624780,38,12,22
"1048",240000,267540,39,14,8
"1049",34500,37850,39,14,9
"1050",27180,30180,39,14,10
"1051",240000,254220,39,14,11
"1052",133800,142240,39,14,12
"1053",177710,208090,39,14,13
"1054",450000,482700,39,14,14
"1055",3e+05,332870,39,14,15
"1056",183580,194910,39,14,16
"1057",366000,378240,39,14,17
"1058",72000,84480,39,14,18
"1059",288250,338340,39,14,19
"1060",4e+05,666290,40,11,5
"1061",1190000,4946240,40,11,6
"1062",150000,286530,40,11,7
"1063",1e+05,253090,40,11,8
"1064",1e+05,152490,40,11,9
"1065",300560,494190,40,11,10
"1066",251180,493080,40,11,11
"1067",103140,200350,40,11,12
"1068",504920,902120,40,11,13
"1069",300380,983260,40,11,14
"1070",100270,362550,40,11,15
"1071",470130,541280,40,11,16
"1072",710030,1287760,40,11,17
"1073",593540,1059250,40,11,18
"1074",401300,1281520,40,11,19
"1075",351000,618180,40,11,20
"1076",530000,701790,40,11,21
"1077",857000,1557370,40,11,22
"1078",50170,89430,41,11,5
"1079",275040,970710,41,11,6
"1080",185020,326300,41,11,7
"1081",95010,221360,41,11,8
"1082",70010,107030,41,11,9
"1083",125000,189830,41,11,10
"1084",110000,200610,41,11,11
"1085",65750,122600,41,11,12
"1086",125990,229820,41,11,13
"1087",180720,352090,41,11,14
"1088",90100,185210,41,11,15
"1089",198280,258270,41,11,16
"1090",302190,552550,41,11,17
"1091",152420,224340,41,11,18
"1092",80150,297560,41,11,19
"1093",174000,247110,41,11,20
"1094",1e+05,105480,41,11,21
"1095",101600,115260,41,11,22
"1096",125000,222830,42,11,5
"1097",640000,2258770,42,11,6
"1098",185000,326270,42,11,7
"1099",105000,244630,42,11,8
"1100",75000,114660,42,11,9
"1101",2e+05,303730,42,11,10
"1102",35000,63830,42,11,11
"1103",30000,55990,42,11,12
"1104",38000,69320,42,11,13
"1105",135000,263070,42,11,14
"1106",18000,42490,42,11,15
"1107",126100,164250,42,11,16
"1108",2e+05,375190,42,11,17
"1109",119000,175170,42,11,18
"1110",70400,312050,42,11,19
"1111",86000,123800,42,11,20
"1112",110000,116030,42,11,21
"1113",208000,240930,42,11,22
"1114",26540,46110,43,9,11
"1115",17890,34780,43,9,12
"1116",4570,34440,43,9,13
"1117",9500,66110,43,9,14
"1118",580,129560,43,9,15
"1119",4980,44990,43,9,16
"1120",13570,55630,43,9,21
"1121",18300,72560,43,9,22
